Store Name,Order #,Order Creation Date,Season Description,Order Status,PO #,Source System ID,Order Total,Requested Delivery Date,Actual Ship Date
BANNER'S  HALLMARK SHOP 61,3069096934,09/02/2025,HANUKKAH,SHIPPED,,GP SP1,$70.00,09/11/2025,10/03/2025
BANNER'S  HALLMARK SHOP 61,3069096931,09/02/2025,CHRISTMAS,SHIPPED,,GP SP1,"$5,201.62",09/11/2025,10/02/2025
BANNER'S  HALLMARK SHOP 61,3069092858,09/02/2025,EVERYDAY,SHIPPED,,GP SP1,$112.98,09/11/2025,09/30/2025
BANNER'S  HALLMARK SHOP 61,3069089966,09/02/2025,,OPEN,Sept Smartlync Fee,,$30.00,09/02/2025,
BANNER'S  HALLMARK SHOP 61,3069035934,09/02/2025,,OPEN,SEPT WINNG FEE,,$296.00,09/01/2025,
BANNER'S  HALLMARK SHOP 61,3068994145,09/02/2025,,OPEN,,,$1.50,09/01/2025,
BANNER'S HALLMARK SHOP 1403,3069096328,09/02/2025,HANUKKAH,SHIPPED,,GP SP1,$70.00,09/11/2025,10/02/2025
BANNER'S HALLMARK SHOP 1403,3069096314,09/02/2025,CHRISTMAS,SHIPPED,,GP SP1,"$4,925.12",09/11/2025,10/02/2025
BANNER'S HALLMARK SHOP 1403,3069093484,09/02/2025,,OPEN,damage defective,,$12.75,09/02/2025,
BANNER'S HALLMARK SHOP 1403,3069091498,09/02/2025,EVERYDAY,SHIPPED,,GP SP1,$73.46,09/11/2025,09/30/2025
BANNER'S HALLMARK SHOP 1403,3069089981,09/02/2025,,OPEN,Sept Smartlync Fee,,$30.00,09/02/2025,
BANNER'S HALLMARK SHOP 15,3069096854,09/02/2025,HANUKKAH,SHIPPED,,GP SP1,$120.00,09/10/2025,10/10/2025
BANNER'S HALLMARK SHOP 15,3069096847,09/02/2025,CHRISTMAS,SHIPPED,,GP SP1,"$5,365.12",09/10/2025,10/29/2025
BANNER'S HALLMARK SHOP 15,3069092598,09/02/2025,EVERYDAY,SHIPPED,,GP SP1,$160.00,09/10/2025,09/30/2025
BANNER'S HALLMARK SHOP 15,3069089973,09/02/2025,,OPEN,Sept Smartlync Fee,,$30.00,09/02/2025,
BANNER'S HALLMARK SHOP 15,3069035969,09/02/2025,,OPEN,SEPT WINNG FEE,,$296.00,09/01/2025,
BANNER'S HALLMARK SHOP 1620,3069096320,09/02/2025,HANUKKAH,SHIPPED,,GP SP1,$120.00,09/11/2025,10/01/2025
BANNER'S HALLMARK SHOP 1620,3069096309,09/02/2025,CHRISTMAS,SHIPPED,,GP SP1,"$5,565.12",09/11/2025,11/03/2025
BANNER'S HALLMARK SHOP 1620,3069092226,09/02/2025,EVERYDAY,SHIPPED,,GP SP1,$153.78,09/11/2025,09/30/2025
BANNER'S HALLMARK SHOP 1620,3069089961,09/02/2025,,OPEN,Sept Smartlync Fee,,$30.00,09/02/2025,
BANNER'S HALLMARK SHOP 1620,3069035845,09/02/2025,,OPEN,SEPT WINNG FEE,,$296.00,09/01/2025,
BANNER'S HALLMARK SHOP 1620,3068994123,09/02/2025,,OPEN,,,$1.50,09/01/2025,
BANNER'S HALLMARK SHOP 1818,3069097925,09/02/2025,,OPEN,damage defect,,$36.19,09/02/2025,
BANNER'S HALLMARK SHOP 1818,3069095926,09/02/2025,HANUKKAH,SHIPPED,,GP SP1,$76.00,09/10/2025,10/03/2025
BANNER'S HALLMARK SHOP 1818,3069095919,09/02/2025,CHRISTMAS,SHIPPED,,GP SP1,"$6,171.62",09/10/2025,11/05/2025
BANNER'S HALLMARK SHOP 1818,3069091147,09/02/2025,EVERYDAY,SHIPPED,,GP SP1,$158.48,09/10/2025,09/30/2025
BANNER'S HALLMARK SHOP 1818,3069089967,09/02/2025,,OPEN,Sept Smartlync Fee,,$30.00,09/02/2025,
BANNER'S HALLMARK SHOP 1818,3069035772,09/02/2025,,OPEN,SEPT WINNG FEE,,$296.00,09/01/2025,
BANNER'S HALLMARK SHOP 1822,3069096379,09/02/2025,HANUKKAH,SHIPPED,,GP SP1,$120.00,09/11/2025,10/03/2025
BANNER'S HALLMARK SHOP 1822,3069096370,09/02/2025,CHRISTMAS,,,GP SP1,"$4,124.62",09/11/2025,10/07/2025
BANNER'S HALLMARK SHOP 1822,3069091289,09/02/2025,EVERYDAY,SHIPPED,,GP SP1,$141.48,09/11/2025,09/30/2025
BANNER'S HALLMARK SHOP 1822,3069089956,09/02/2025,,OPEN,Sept Smartlync Fee,,$30.00,09/02/2025,
BANNER'S HALLMARK SHOP 1825,3069096801,09/02/2025,HANUKKAH,SHIPPED,,GP SP1,$120.00,09/11/2025,10/02/2025
BANNER'S HALLMARK SHOP 1825,3069096797,09/02/2025,CHRISTMAS,SHIPPED,,GP SP1,"$5,631.12",09/11/2025,10/01/2025
BANNER'S HALLMARK SHOP 1825,3069091278,09/02/2025,EVERYDAY,SHIPPED,,GP SP1,$182.80,09/11/2025,10/24/2025
BANNER'S HALLMARK SHOP 1825,3069089954,09/02/2025,,OPEN,Sept Smartlync Fee,,$30.00,09/02/2025,
BANNER'S HALLMARK SHOP 1825,3068994156,09/02/2025,,OPEN,,,$1.50,09/01/2025,
BANNER'S HALLMARK SHOP 1828,3069096970,09/02/2025,HANUKKAH,SHIPPED,,GP SP1,$70.00,09/11/2025,10/02/2025
BANNER'S HALLMARK SHOP 1828,3069096969,09/02/2025,CHRISTMAS,SHIPPED,,GP SP1,"$2,999.62",09/11/2025,11/03/2025
BANNER'S HALLMARK SHOP 1828,3069091424,09/02/2025,EVERYDAY,SHIPPED,,GP SP1,$84.94,09/11/2025,10/10/2025
BANNER'S HALLMARK SHOP 1828,3069089970,09/02/2025,,OPEN,Sept Smartlync Fee,,$30.00,09/02/2025,
BANNER'S HALLMARK SHOP 1938,3069097148,09/02/2025,HANUKKAH,,,GP SP1,$120.00,09/10/2025,10/24/2025
BANNER'S HALLMARK SHOP 1938,3069097146,09/02/2025,CHRISTMAS,SHIPPED,,GP SP1,"$3,928.12",09/10/2025,10/03/2025
BANNER'S HALLMARK SHOP 1938,3069091398,09/02/2025,EVERYDAY,SHIPPED,,GP SP1,$141.48,09/10/2025,09/30/2025
BANNER'S HALLMARK SHOP 1938,3069089957,09/02/2025,,OPEN,Sept Smartlync Fee,,$30.00,09/02/2025,
BANNER'S HALLMARK SHOP 1948,3069096099,09/02/2025,HANUKKAH,SHIPPED,,GP SP1,$124.00,09/10/2025,09/30/2025
BANNER'S HALLMARK SHOP 1948,3069096096,09/02/2025,CHRISTMAS,SHIPPED,,GP SP1,"$5,298.12",09/10/2025,11/05/2025
BANNER'S HALLMARK SHOP 1948,3069091619,09/02/2025,EVERYDAY,SHIPPED,,GP SP1,$109.18,09/10/2025,09/29/2025
BANNER'S HALLMARK SHOP 1948,3069089977,09/02/2025,,OPEN,Sept Smartlync Fee,,$30.00,09/02/2025,
BANNER'S HALLMARK SHOP 22,3069096324,09/02/2025,HANUKKAH,SHIPPED,,GP SP1,$136.00,09/09/2025,10/03/2025
BANNER'S HALLMARK SHOP 22,3069096311,09/02/2025,CHRISTMAS,SHIPPED,,GP SP1,"$5,734.62",09/09/2025,11/04/2025
BANNER'S HALLMARK SHOP 22,3069092799,09/02/2025,EVERYDAY,SHIPPED,,GP SP1,$130.08,09/09/2025,09/30/2025
BANNER'S HALLMARK SHOP 22,3069089975,09/02/2025,,OPEN,Sept Smartlync Fee,,$30.00,09/02/2025,
BANNER'S HALLMARK SHOP 22,3069035816,09/02/2025,,OPEN,SEPT WINNG FEE,,$296.00,09/01/2025,
BANNER'S HALLMARK SHOP 29,3069096407,09/02/2025,HANUKKAH,,,GP SP1,$146.00,09/10/2025,10/06/2025
BANNER'S HALLMARK SHOP 29,3069096398,09/02/2025,CHRISTMAS,,,GP SP1,"$6,570.12",09/10/2025,09/30/2025
BANNER'S HALLMARK SHOP 29,3069090910,09/02/2025,EVERYDAY,,,GP SP1,$176.56,09/10/2025,09/30/2025
BANNER'S HALLMARK SHOP 29,3069090478,09/02/2025,,OPEN,damage defective,,$159.08,09/02/2025,
BANNER'S HALLMARK SHOP 29,3069089979,09/02/2025,,OPEN,Sept Smartlync Fee,,$30.00,09/02/2025,
BANNER'S HALLMARK SHOP 29,3069035939,09/02/2025,,OPEN,SEPT WINNG FEE,,$296.00,09/01/2025,
BANNER'S HALLMARK SHOP 29,3068991055,09/02/2025,,OPEN,,,$4.00,09/01/2025,
BANNER'S HALLMARK SHOP 32,3069095602,09/02/2025,HANUKKAH,SHIPPED,,GP SP1,$136.00,09/10/2025,10/01/2025
BANNER'S HALLMARK SHOP 32,3069095596,09/02/2025,CHRISTMAS,SHIPPED,,GP SP1,"$6,237.12",09/10/2025,10/01/2025
BANNER'S HALLMARK SHOP 32,3069092675,09/02/2025,EVERYDAY,SHIPPED,,GP SP1,$166.18,09/10/2025,09/30/2025
BANNER'S HALLMARK SHOP 32,3069089963,09/02/2025,,OPEN,Sept Smartlync Fee,,$30.00,09/02/2025,
BANNER'S HALLMARK SHOP 32,3069035892,09/02/2025,,OPEN,SEPT WINNG FEE,,$296.00,09/01/2025,
BANNER'S HALLMARK SHOP 32,3068991711,09/02/2025,,OPEN,,,$2.30,09/01/2025,
BANNER'S HALLMARK SHOP 33,3069095771,09/02/2025,HANUKKAH,,,GP SP1,$126.00,09/10/2025,09/30/2025
BANNER'S HALLMARK SHOP 33,3069095763,09/02/2025,CHRISTMAS,,,GP SP1,"$5,857.62",09/10/2025,10/07/2025
BANNER'S HALLMARK SHOP 33,3069090816,09/02/2025,EVERYDAY,,,GP SP1,$160.00,09/10/2025,10/06/2025
BANNER'S HALLMARK SHOP 33,3069089953,09/02/2025,,OPEN,Sept Smartlync Fee,,$30.00,09/02/2025,
BANNER'S HALLMARK SHOP 33,3069035888,09/02/2025,,OPEN,SEPT WINNG FEE,,$296.00,09/01/2025,
BANNER'S HALLMARK SHOP 36,3069096210,09/02/2025,HANUKKAH,SHIPPED,,GP SP1,$150.00,09/10/2025,10/01/2025
BANNER'S HALLMARK SHOP 36,3069096203,09/02/2025,CHRISTMAS,SHIPPED,,GP SP1,"$5,661.12",09/10/2025,11/03/2025
BANNER'S HALLMARK SHOP 36,3069092745,09/02/2025,EVERYDAY,SHIPPED,,GP SP1,$137.68,09/10/2025,09/30/2025
BANNER'S HALLMARK SHOP 36,3069089955,09/02/2025,,OPEN,Sept Smartlync Fee,,$30.00,09/02/2025,
BANNER'S HALLMARK SHOP 36,3069035713,09/02/2025,,OPEN,SEPT WINNG FEE,,$296.00,09/01/2025,
BANNER'S HALLMARK SHOP 38,3069095817,09/02/2025,HANUKKAH,SHIPPED,,GP SP1,$70.00,09/11/2025,10/02/2025
BANNER'S HALLMARK SHOP 38,3069095807,09/02/2025,CHRISTMAS,SHIPPED,,GP SP1,"$4,932.62",09/11/2025,10/01/2025
BANNER'S HALLMARK SHOP 38,3069091893,09/02/2025,EVERYDAY,SHIPPED,,GP SP1,$86.30,09/11/2025,09/30/2025
BANNER'S HALLMARK SHOP 38,3069089972,09/02/2025,,OPEN,Sept Smartlync Fee,,$30.00,09/02/2025,
BANNER'S HALLMARK SHOP 38,3069035985,09/02/2025,,OPEN,SEPT WINNG FEE,,$296.00,09/01/2025,
BANNER'S HALLMARK SHOP 40,3069096571,09/02/2025,HANUKKAH,,,GP SP1,$163.00,09/09/2025,10/10/2025
BANNER'S HALLMARK SHOP 40,3069096562,09/02/2025,CHRISTMAS,,,GP SP1,"$6,377.12",09/09/2025,09/30/2025
BANNER'S HALLMARK SHOP 40,3069090962,09/02/2025,EVERYDAY,,,GP SP1,$161.82,09/09/2025,09/30/2025
BANNER'S HALLMARK SHOP 40,3069035803,09/02/2025,,OPEN,SEPT WINNG FEE,,$296.00,09/01/2025,
BANNER'S HALLMARK SHOP 45,3069095251,09/02/2025,HANUKKAH,SHIPPED,,GP SP1,$127.00,09/09/2025,10/02/2025
BANNER'S HALLMARK SHOP 45,3069095226,09/02/2025,CHRISTMAS,SHIPPED,,GP SP1,"$6,121.12",09/09/2025,10/03/2025
BANNER'S HALLMARK SHOP 45,3069090991,09/02/2025,EVERYDAY,SHIPPED,,GP SP1,$135.78,09/09/2025,09/30/2025
BANNER'S HALLMARK SHOP 45,3069089969,09/02/2025,,OPEN,Sept Smartlync Fee,,$30.00,09/02/2025,
BANNER'S HALLMARK SHOP 45,3069035799,09/02/2025,,OPEN,SEPT WINNG FEE,,$296.00,09/01/2025,
BANNER'S HALLMARK SHOP 46,3069097077,09/02/2025,HANUKKAH,SHIPPED,,GP SP1,$133.00,09/09/2025,10/03/2025
BANNER'S HALLMARK SHOP 46,3069097074,09/02/2025,CHRISTMAS,SHIPPED,,GP SP1,"$6,255.12",09/09/2025,10/03/2025
BANNER'S HALLMARK SHOP 46,3069091325,09/02/2025,EVERYDAY,SHIPPED,,GP SP1,$186.52,09/09/2025,09/30/2025
BANNER'S HALLMARK SHOP 46,3069089978,09/02/2025,,OPEN,Sept Smartlync Fee,,$60.00,09/02/2025,
BANNER'S HALLMARK SHOP 46,3069035805,09/02/2025,,OPEN,SEPT WINNG FEE,,$296.00,09/01/2025,
BANNER'S HALLMARK SHOP 47,3069096900,09/02/2025,HANUKKAH,SHIPPED,,GP SP1,$76.00,09/11/2025,10/03/2025
BANNER'S HALLMARK SHOP 47,3069096899,09/02/2025,CHRISTMAS,SHIPPED,,GP SP1,"$6,260.12",09/11/2025,11/03/2025
BANNER'S HALLMARK SHOP 47,3069091723,09/02/2025,EVERYDAY,SHIPPED,,GP SP1,$118.60,09/11/2025,09/30/2025
BANNER'S HALLMARK SHOP 47,3069089964,09/02/2025,,OPEN,Sept Smartlync Fee,,$30.00,09/02/2025,
BANNER'S HALLMARK SHOP 47,3069035788,09/02/2025,,OPEN,SEPT WINNG FEE,,$296.00,09/01/2025,
BANNER'S HALLMARK SHOP 47,3068993792,09/02/2025,,OPEN,,,$3.50,09/01/2025,
BANNER'S HALLMARK SHOP 48,3069096363,09/02/2025,HANUKKAH,SHIPPED,,GP SP1,$76.00,09/10/2025,10/02/2025
BANNER'S HALLMARK SHOP 48,3069096352,09/02/2025,CHRISTMAS,SHIPPED,,GP SP1,"$6,026.62",09/10/2025,10/31/2025
BANNER'S HALLMARK SHOP 48,3069092233,09/02/2025,EVERYDAY,SHIPPED,,GP SP1,$88.74,09/10/2025,09/30/2025
BANNER'S HALLMARK SHOP 48,3069089948,09/02/2025,,OPEN,Sept Smartlync Fee,,$30.00,09/02/2025,
BANNER'S HALLMARK SHOP 48,3069035902,09/02/2025,,OPEN,SEPT WINNG FEE,,$296.00,09/01/2025,
BANNER'S HALLMARK SHOP 48,3068993803,09/02/2025,,OPEN,,,$4.30,09/01/2025,
BANNER'S HALLMARK SHOP 49,3069095686,09/02/2025,HANUKKAH,SHIPPED,,GP SP1,$76.00,09/11/2025,10/10/2025
BANNER'S HALLMARK SHOP 49,3069095674,09/02/2025,CHRISTMAS,SHIPPED,,GP SP1,"$5,490.62",09/11/2025,10/01/2025
BANNER'S HALLMARK SHOP 49,3069092707,09/02/2025,EVERYDAY,SHIPPED,,GP SP1,$102.02,09/11/2025,09/30/2025
BANNER'S HALLMARK SHOP 49,3069089945,09/02/2025,,OPEN,Sept Smartlync Fee,,$30.00,09/02/2025,
BANNER'S HALLMARK SHOP 49,3069035773,09/02/2025,,OPEN,SEPT WINNG FEE,,$296.00,09/01/2025,
BANNER'S HALLMARK SHOP 50,3069095168,09/02/2025,HANUKKAH,SHIPPED,,GP SP1,$76.00,09/11/2025,10/02/2025
BANNER'S HALLMARK SHOP 50,3069095147,09/02/2025,CHRISTMAS,,,GP SP1,"$6,394.62",09/11/2025,12/10/2025
BANNER'S HALLMARK SHOP 50,3069091281,09/02/2025,EVERYDAY,SHIPPED,,GP SP1,$112.90,09/11/2025,09/30/2025
BANNER'S HALLMARK SHOP 50,3069089951,09/02/2025,,OPEN,Sept Smartlync Fee,,$30.00,09/02/2025,
BANNER'S HALLMARK SHOP 50,3069035953,09/02/2025,,OPEN,SEPT WINNG FEE,,$296.00,09/01/2025,
BANNER'S HALLMARK SHOP 51,3069096541,09/02/2025,HANUKKAH,SHIPPED,,GP SP1,$70.00,09/11/2025,10/02/2025
BANNER'S HALLMARK SHOP 51,3069096533,09/02/2025,CHRISTMAS,SHIPPED,,GP SP1,"$4,622.62",09/11/2025,10/01/2025
BANNER'S HALLMARK SHOP 51,3069092801,09/02/2025,EVERYDAY,SHIPPED,,GP SP1,$65.86,09/11/2025,09/30/2025
BANNER'S HALLMARK SHOP 51,3069089952,09/02/2025,,OPEN,Sept Smartlync Fee,,$30.00,09/02/2025,
BANNER'S HALLMARK SHOP 51,3069036010,09/02/2025,,OPEN,SEPT WINNG FEE,,$296.00,09/01/2025,
BANNER'S HALLMARK SHOP 52,3069096224,09/02/2025,HANUKKAH,SHIPPED,,GP SP1,$141.00,09/11/2025,10/01/2025
BANNER'S HALLMARK SHOP 52,3069096217,09/02/2025,CHRISTMAS,SHIPPED,,GP SP1,"$6,189.62",09/11/2025,10/01/2025
BANNER'S HALLMARK SHOP 52,3069092434,09/02/2025,EVERYDAY,SHIPPED,,GP SP1,$168.96,09/11/2025,09/30/2025
BANNER'S HALLMARK SHOP 52,3069089962,09/02/2025,,OPEN,Sept Smartlync Fee,,$30.00,09/02/2025,
BANNER'S HALLMARK SHOP 52,3069035839,09/02/2025,,OPEN,SEPT WINNG FEE,,$296.00,09/01/2025,
BANNER'S HALLMARK SHOP 53,3069096207,09/02/2025,HANUKKAH,SHIPPED,,GP SP1,$76.00,09/11/2025,10/02/2025
BANNER'S HALLMARK SHOP 53,3069096197,09/02/2025,CHRISTMAS,SHIPPED,,GP SP1,"$5,733.62",09/11/2025,11/03/2025
BANNER'S HALLMARK SHOP 53,3069092710,09/02/2025,EVERYDAY,SHIPPED,,GP SP1,$93.98,09/11/2025,09/30/2025
BANNER'S HALLMARK SHOP 53,3069089958,09/02/2025,,OPEN,Sept Smartlync Fee,,$30.00,09/02/2025,
BANNER'S HALLMARK SHOP 53,3069035924,09/02/2025,,OPEN,SEPT WINNG FEE,,$296.00,09/01/2025,
BANNER'S HALLMARK SHOP 54,3069096022,09/02/2025,HANUKKAH,SHIPPED,,GP SP1,$70.00,09/11/2025,10/01/2025
BANNER'S HALLMARK SHOP 54,3069096012,09/02/2025,CHRISTMAS,SHIPPED,,GP SP1,"$4,416.62",09/11/2025,11/05/2025
BANNER'S HALLMARK SHOP 54,3069092515,09/02/2025,EVERYDAY,SHIPPED,,GP SP1,$62.14,09/11/2025,10/24/2025
BANNER'S HALLMARK SHOP 54,3069089976,09/02/2025,,OPEN,Sept Smartlync Fee,,$30.00,09/02/2025,
BANNER'S HALLMARK SHOP 54,3069035757,09/02/2025,,OPEN,SEPT WINNG FEE,,$296.00,09/01/2025,
BANNER'S HALLMARK SHOP 56,3069096131,09/02/2025,HANUKKAH,,,GP SP1,$70.00,09/10/2025,09/30/2025
BANNER'S HALLMARK SHOP 56,3069096121,09/02/2025,CHRISTMAS,,,GP SP1,"$3,276.62",09/10/2025,09/30/2025
BANNER'S HALLMARK SHOP 56,3069090904,09/02/2025,EVERYDAY,,,GP SP1,$62.14,09/10/2025,09/30/2025
BANNER'S HALLMARK SHOP 56,3069089971,09/02/2025,,OPEN,Sept Smartlync Fee,,$30.00,09/02/2025,
BANNER'S HALLMARK SHOP 56,3069035906,09/02/2025,,OPEN,SEPT WINNG FEE,,$296.00,09/01/2025,
BANNER'S HALLMARK SHOP 57,3069095750,09/02/2025,HANUKKAH,SHIPPED,,GP SP1,$70.00,09/11/2025,10/02/2025
BANNER'S HALLMARK SHOP 57,3069095742,09/02/2025,CHRISTMAS,SHIPPED,,GP SP1,"$4,917.62",09/11/2025,10/02/2025
BANNER'S HALLMARK SHOP 57,3069091020,09/02/2025,EVERYDAY,SHIPPED,,GP SP1,$73.54,09/11/2025,10/24/2025
BANNER'S HALLMARK SHOP 57,3069089980,09/02/2025,,OPEN,Sept Smartlync Fee,,$30.00,09/02/2025,
BANNER'S HALLMARK SHOP 57,3069035948,09/02/2025,,OPEN,SEPT WINNG FEE,,$296.00,09/01/2025,
BANNER'S HALLMARK SHOP 60,3069096272,09/02/2025,HANUKKAH,SHIPPED,,GP SP1,$70.00,09/10/2025,10/02/2025
BANNER'S HALLMARK SHOP 60,3069096266,09/02/2025,CHRISTMAS,SHIPPED,,GP SP1,"$4,216.62",09/10/2025,10/02/2025
BANNER'S HALLMARK SHOP 60,3069092355,09/02/2025,EVERYDAY,SHIPPED,,GP SP1,$92.54,09/10/2025,09/30/2025
BANNER'S HALLMARK SHOP 60,3069089960,09/02/2025,,OPEN,Sept Smartlync Fee,,$30.00,09/02/2025,
BANNER'S HALLMARK SHOP 60,3069035746,09/02/2025,,OPEN,SEPT WINNG FEE,,$296.00,09/01/2025,
BANNER'S HALLMARK SHOP 62,3069096410,09/02/2025,HANUKKAH,SHIPPED,,GP SP1,$70.00,09/11/2025,10/02/2025
BANNER'S HALLMARK SHOP 62,3069096406,09/02/2025,CHRISTMAS,SHIPPED,,GP SP1,"$4,547.62",09/11/2025,10/31/2025
BANNER'S HALLMARK SHOP 62,3069092643,09/02/2025,EVERYDAY,SHIPPED,,GP SP1,$100.14,09/11/2025,09/30/2025
BANNER'S HALLMARK SHOP 62,3069089947,09/02/2025,,OPEN,Sept Smartlync Fee,,$30.00,09/02/2025,
BANNER'S HALLMARK SHOP 62,3069035974,09/02/2025,,OPEN,SEPT WINNG FEE,,$296.00,09/01/2025,
BANNER'S HALLMARK SHOP 64,3069095855,09/02/2025,HANUKKAH,SHIPPED,,GP SP1,$151.00,09/11/2025,10/24/2025
BANNER'S HALLMARK SHOP 64,3069095846,09/02/2025,CHRISTMAS,SHIPPED,,GP SP1,"$6,427.62",09/11/2025,10/07/2025
BANNER'S HALLMARK SHOP 64,3069092531,09/02/2025,EVERYDAY,SHIPPED,,GP SP1,$199.82,09/11/2025,09/30/2025
BANNER'S HALLMARK SHOP 64,3069089946,09/02/2025,,OPEN,Sept Smartlync Fee,,$30.00,09/02/2025,
BANNER'S HALLMARK SHOP 64,3069035866,09/02/2025,,OPEN,SEPT WINNG FEE,,$296.00,09/01/2025,
BANNER'S HALLMARK SHOP 68,3069096051,09/02/2025,HANUKKAH,SHIPPED,,GP SP1,$148.00,09/11/2025,10/02/2025
BANNER'S HALLMARK SHOP 68,3069096041,09/02/2025,CHRISTMAS,SHIPPED,,GP SP1,"$5,947.12",09/11/2025,10/10/2025
BANNER'S HALLMARK SHOP 68,3069092706,09/02/2025,EVERYDAY,SHIPPED,,GP SP1,$190.34,09/11/2025,10/10/2025
BANNER'S HALLMARK SHOP 68,3069089983,09/02/2025,,OPEN,Sept Smartlync Fee,,$30.00,09/02/2025,
BANNER'S HALLMARK SHOP 68,3069035995,09/02/2025,,OPEN,SEPT WINNG FEE,,$296.00,09/01/2025,
BANNER'S HALLMARK SHOP 68,3068994135,09/02/2025,,OPEN,,,$3.00,09/01/2025,
BANNER'S HALLMARK SHOP 824,3069096617,09/02/2025,HANUKKAH,SHIPPED,,GP SP1,$152.00,09/09/2025,10/02/2025
BANNER'S HALLMARK SHOP 824,3069096609,09/02/2025,CHRISTMAS,SHIPPED,,GP SP1,"$6,201.62",09/09/2025,10/01/2025
BANNER'S HALLMARK SHOP 824,3069091215,09/02/2025,EVERYDAY,SHIPPED,,GP SP1,$181.28,09/09/2025,09/30/2025
BANNER'S HALLMARK SHOP 824,3069089965,09/02/2025,,OPEN,Sept Smartlync Fee,,$30.00,09/02/2025,
BANNER'S HALLMARK SHOP 824,3069035881,09/02/2025,,OPEN,SEPT WINNG FEE,,$296.00,09/01/2025,
BANNER'S HALLMARK SHOP 9,3069096634,09/02/2025,HANUKKAH,,,GP SP1,$166.00,09/10/2025,09/30/2025
BANNER'S HALLMARK SHOP 9,3069096629,09/02/2025,CHRISTMAS,,,GP SP1,"$6,121.12",09/10/2025,10/06/2025
BANNER'S HALLMARK SHOP 9,3069090941,09/02/2025,EVERYDAY,,,GP SP1,$186.06,09/10/2025,09/30/2025
BANNER'S HALLMARK SHOP 9,3069089949,09/02/2025,,OPEN,Sept Smartlync Fee,,$30.00,09/02/2025,
BANNER'S HALLMARK SHOP 9,3069035913,09/02/2025,,OPEN,SEPT WINNG FEE,,$296.00,09/01/2025,
BANNER'S HALLMARK SHOP 9,3068991993,09/02/2025,,OPEN,,,$2.50,09/01/2025,
BANNERS HALLMARK SHOP 1940,3069094770,09/02/2025,HANUKKAH,SHIPPED,,GP SP1,$70.00,09/11/2025,10/02/2025
BANNERS HALLMARK SHOP 1940,3069094753,09/02/2025,CHRISTMAS,SHIPPED,,GP SP1,"$4,759.62",09/11/2025,10/10/2025
BANNERS HALLMARK SHOP 1940,3069091464,09/02/2025,EVERYDAY,SHIPPED,,GP SP1,$86.38,09/11/2025,09/30/2025
BANNERS HALLMARK SHOP 1940,3069089950,09/02/2025,,OPEN,Sept Smartlync Fee,,$60.00,09/02/2025,
BANNERS HALLMARK SHOP 1940,3068994166,09/02/2025,,OPEN,,,$2.50,09/01/2025,
BANNERS HALLMARK SHOP 1941,3069097016,09/02/2025,HANUKKAH,SHIPPED,,GP SP1,$76.00,09/09/2025,10/10/2025
BANNERS HALLMARK SHOP 1941,3069097014,09/02/2025,CHRISTMAS,SHIPPED,,GP SP1,"$5,775.62",09/09/2025,10/10/2025
BANNERS HALLMARK SHOP 1941,3069091445,09/02/2025,EVERYDAY,SHIPPED,,GP SP1,$103.46,09/09/2025,10/10/2025
BANNERS HALLMARK SHOP 1941,3069089959,09/02/2025,,OPEN,Sept Smartlync Fee,,$30.00,09/02/2025,
HALLMARK CREATIONS 44,3069096713,09/02/2025,HANUKKAH,SHIPPED,,GP SP1,$191.00,09/09/2025,10/03/2025
HALLMARK CREATIONS 44,3069096696,09/02/2025,CHRISTMAS,SHIPPED,,GP SP1,"$6,864.62",09/09/2025,10/29/2025
HALLMARK CREATIONS 44,3069092757,09/02/2025,EVERYDAY,SHIPPED,,GP SP1,$175.14,09/09/2025,09/30/2025
HALLMARK CREATIONS 44,3069089968,09/02/2025,,OPEN,Sept Smartlync Fee,,$30.00,09/02/2025,
HALLMARK CREATIONS 44,3069036006,09/02/2025,,OPEN,SEPT WINNG FEE,,$296.00,09/01/2025,
HALLMARK CREATIONS 523,3069096865,09/02/2025,HANUKKAH,SHIPPED,,GP SP1,$162.00,09/09/2025,10/02/2025
HALLMARK CREATIONS 523,3069096859,09/02/2025,CHRISTMAS,SHIPPED,,GP SP1,"$6,770.12",09/09/2025,10/01/2025
HALLMARK CREATIONS 523,3069091755,09/02/2025,EVERYDAY,SHIPPED,,GP SP1,$216.92,09/09/2025,09/30/2025
HALLMARK CREATIONS 523,3069089982,09/02/2025,,OPEN,Sept Smartlync Fee,,$30.00,09/02/2025,
HALLMARK CREATIONS 523,3069035801,09/02/2025,,OPEN,SEPT WINNG FEE,,$296.00,09/01/2025,
BANNER'S  HALLMARK SHOP 61,3069225559,09/03/2025,CHRISTMAS,SHIPPED,,LP.0903.354,"$2,256.34",09/12/2025,10/01/2025
BANNER'S  HALLMARK SHOP 61,3069218410,09/03/2025,CHRISTMAS,SHIPPED,,CJ.903.KSQ3B,$547.00,09/12/2025,10/03/2025
BANNER'S HALLMARK SHOP 1403,3069226278,09/03/2025,CHRISTMAS,SHIPPED,,LP.0903.354,$819.28,09/12/2025,10/01/2025
BANNER'S HALLMARK SHOP 1403,3069218564,09/03/2025,CHRISTMAS,SHIPPED,,CJ.903.KSQ3B,$78.00,09/12/2025,10/02/2025
BANNER'S HALLMARK SHOP 15,3069226592,09/03/2025,CHRISTMAS,SHIPPED,,LP.0903.354,"$1,457.40",09/11/2025,10/10/2025
BANNER'S HALLMARK SHOP 15,3069220028,09/03/2025,CHRISTMAS,SHIPPED,,CJ.903.KSQ3B,$78.00,09/11/2025,10/02/2025
BANNER'S HALLMARK SHOP 1620,3069226463,09/03/2025,CHRISTMAS,SHIPPED,,LP.0903.354,"$1,973.86",09/12/2025,10/01/2025
BANNER'S HALLMARK SHOP 1620,3069218836,09/03/2025,CHRISTMAS,SHIPPED,,CJ.903.KSQ3B,"$1,272.00",09/12/2025,10/03/2025
BANNER'S HALLMARK SHOP 1620,3069103860,09/03/2025,,OPEN,,,$3.80,09/02/2025,
BANNER'S HALLMARK SHOP 1818,3069226044,09/03/2025,CHRISTMAS,SHIPPED,,LP.0903.354,$786.20,09/11/2025,10/01/2025
BANNER'S HALLMARK SHOP 1818,3069219318,09/03/2025,CHRISTMAS,SHIPPED,,CJ.903.KSQ3B,$78.00,09/11/2025,10/02/2025
BANNER'S HALLMARK SHOP 1822,3069226093,09/03/2025,CHRISTMAS,SHIPPED,,LP.0903.354,"$1,100.52",09/12/2025,10/01/2025
BANNER'S HALLMARK SHOP 1822,3069218625,09/03/2025,CHRISTMAS,SHIPPED,,CJ.903.KSQ3B,$78.00,09/12/2025,10/02/2025
BANNER'S HALLMARK SHOP 1825,3069226087,09/03/2025,CHRISTMAS,SHIPPED,,LP.0903.354,$974.98,09/12/2025,10/01/2025
BANNER'S HALLMARK SHOP 1825,3069218605,09/03/2025,CHRISTMAS,SHIPPED,,CJ.903.KSQ3B,$78.00,09/12/2025,10/02/2025
BANNER'S HALLMARK SHOP 1828,3069226141,09/03/2025,CHRISTMAS,SHIPPED,,LP.0903.354,$943.56,09/12/2025,10/01/2025
BANNER'S HALLMARK SHOP 1828,3069220058,09/03/2025,CHRISTMAS,,,CJ.903.KSQ3B,$78.00,09/12/2025,10/07/2025
BANNER'S HALLMARK SHOP 1938,3069226133,09/03/2025,CHRISTMAS,SHIPPED,,LP.0903.354,$843.10,09/11/2025,10/01/2025
BANNER'S HALLMARK SHOP 1938,3069220047,09/03/2025,CHRISTMAS,SHIPPED,,CJ.903.KSQ3B,$78.00,09/11/2025,10/02/2025
BANNER'S HALLMARK SHOP 1948,3069226218,09/03/2025,CHRISTMAS,SHIPPED,,LP.0903.354,"$1,509.48",09/11/2025,10/01/2025
BANNER'S HALLMARK SHOP 1948,3069218884,09/03/2025,CHRISTMAS,SHIPPED,,CJ.903.KSQ3B,$110.00,09/11/2025,10/01/2025
BANNER'S HALLMARK SHOP 22,3069225459,09/03/2025,CHRISTMAS,SHIPPED,,LP.0903.354,$753.84,09/10/2025,10/01/2025
BANNER'S HALLMARK SHOP 22,3069220259,09/03/2025,CHRISTMAS,SHIPPED,,CJ.903.KSQ3B,$78.00,09/10/2025,10/02/2025
BANNER'S HALLMARK SHOP 22,3069100025,09/03/2025,,OPEN,,,$1.50,09/02/2025,
BANNER'S HALLMARK SHOP 29,3069226029,09/03/2025,CHRISTMAS,,,LP.0903.354,"$1,333.82",09/11/2025,09/30/2025
BANNER'S HALLMARK SHOP 29,3069218680,09/03/2025,CHRISTMAS,,,CJ.903.KSQ3B,$78.00,09/11/2025,10/06/2025
BANNER'S HALLMARK SHOP 32,3069226651,09/03/2025,CHRISTMAS,SHIPPED,,LP.0903.354,"$2,089.98",09/11/2025,10/02/2025
BANNER'S HALLMARK SHOP 32,3069218508,09/03/2025,CHRISTMAS,SHIPPED,,CJ.903.KSQ3B,$110.00,09/11/2025,10/02/2025
BANNER'S HALLMARK SHOP 33,3069225980,09/03/2025,CHRISTMAS,,,LP.0903.354,"$1,665.50",09/11/2025,09/30/2025
BANNER'S HALLMARK SHOP 33,3069218368,09/03/2025,CHRISTMAS,,,CJ.903.KSQ3B,$110.00,09/11/2025,09/30/2025
BANNER'S HALLMARK SHOP 36,3069226678,09/03/2025,CHRISTMAS,SHIPPED,,LP.0903.354,"$1,049.58",09/11/2025,10/01/2025
BANNER'S HALLMARK SHOP 36,3069219253,09/03/2025,CHRISTMAS,SHIPPED,,CJ.903.KSQ3B,$78.00,09/11/2025,10/02/2025
BANNER'S HALLMARK SHOP 38,3069226423,09/03/2025,CHRISTMAS,SHIPPED,,LP.0903.354,$946.70,09/12/2025,10/01/2025
BANNER'S HALLMARK SHOP 38,3069219211,09/03/2025,CHRISTMAS,SHIPPED,,CJ.903.KSQ3B,$110.00,09/12/2025,10/02/2025
BANNER'S HALLMARK SHOP 38,3069103420,09/03/2025,,OPEN,,,$1.25,09/02/2025,
BANNER'S HALLMARK SHOP 40,3069226048,09/03/2025,CHRISTMAS,,,LP.0903.354,$782.58,09/10/2025,09/30/2025
BANNER'S HALLMARK SHOP 40,3069218624,09/03/2025,CHRISTMAS,,,CJ.903.KSQ3B,$78.00,09/10/2025,10/06/2025
BANNER'S HALLMARK SHOP 45,3069225979,09/03/2025,CHRISTMAS,SHIPPED,,LP.0903.354,"$1,023.04",09/10/2025,10/01/2025
BANNER'S HALLMARK SHOP 45,3069218881,09/03/2025,CHRISTMAS,SHIPPED,,CJ.903.KSQ3B,$78.00,09/10/2025,10/02/2025
BANNER'S HALLMARK SHOP 46,3069226190,09/03/2025,CHRISTMAS,SHIPPED,,LP.0903.354,"$2,186.10",09/10/2025,10/01/2025
BANNER'S HALLMARK SHOP 46,3069220273,09/03/2025,CHRISTMAS,SHIPPED,,CJ.903.KSQ3B,$397.00,09/10/2025,10/03/2025
BANNER'S HALLMARK SHOP 47,3069226305,09/03/2025,CHRISTMAS,SHIPPED,,LP.0903.354,"$1,576.96",09/12/2025,10/03/2025
BANNER'S HALLMARK SHOP 47,3069220114,09/03/2025,CHRISTMAS,SHIPPED,,CJ.903.KSQ3B,$110.00,09/12/2025,10/02/2025
BANNER'S HALLMARK SHOP 47,3069103495,09/03/2025,,OPEN,,,$2.00,09/02/2025,
BANNER'S HALLMARK SHOP 48,3069226514,09/03/2025,CHRISTMAS,SHIPPED,,LP.0903.354,"$1,622.42",09/11/2025,10/01/2025
BANNER'S HALLMARK SHOP 48,3069218312,09/03/2025,CHRISTMAS,SHIPPED,,CJ.903.KSQ3B,$547.00,09/11/2025,10/02/2025
BANNER'S HALLMARK SHOP 49,3069225363,09/03/2025,CHRISTMAS,SHIPPED,,LP.0903.354,"$1,153.30",09/12/2025,10/01/2025
BANNER'S HALLMARK SHOP 49,3069220167,09/03/2025,CHRISTMAS,SHIPPED,,CJ.903.KSQ3B,$397.00,09/12/2025,10/03/2025
BANNER'S HALLMARK SHOP 50,3069226175,09/03/2025,CHRISTMAS,SHIPPED,,LP.0903.354,"$1,242.66",09/12/2025,10/01/2025
BANNER'S HALLMARK SHOP 50,3069218637,09/03/2025,CHRISTMAS,SHIPPED,,CJ.903.KSQ3B,$397.00,09/12/2025,10/02/2025
BANNER'S HALLMARK SHOP 51,3069225463,09/03/2025,CHRISTMAS,SHIPPED,,LP.0903.354,$868.60,09/12/2025,10/01/2025
BANNER'S HALLMARK SHOP 51,3069218981,09/03/2025,CHRISTMAS,SHIPPED,,CJ.903.KSQ3B,$78.00,09/12/2025,10/02/2025
BANNER'S HALLMARK SHOP 52,3069226564,09/03/2025,CHRISTMAS,SHIPPED,,LP.0903.354,$920.34,09/12/2025,10/01/2025
BANNER'S HALLMARK SHOP 52,3069219018,09/03/2025,CHRISTMAS,SHIPPED,,CJ.903.KSQ3B,$78.00,09/12/2025,10/02/2025
BANNER'S HALLMARK SHOP 53,3069225366,09/03/2025,CHRISTMAS,SHIPPED,,LP.0903.354,"$1,605.18",09/12/2025,10/01/2025
BANNER'S HALLMARK SHOP 53,3069220169,09/03/2025,CHRISTMAS,SHIPPED,,CJ.903.KSQ3B,$547.00,09/12/2025,10/03/2025
BANNER'S HALLMARK SHOP 54,3069226587,09/03/2025,CHRISTMAS,SHIPPED,,LP.0903.354,"$1,047.38",09/12/2025,10/01/2025
BANNER'S HALLMARK SHOP 54,3069218316,09/03/2025,CHRISTMAS,SHIPPED,,CJ.903.KSQ3B,"$1,272.00",09/12/2025,10/03/2025
BANNER'S HALLMARK SHOP 56,3069226025,09/03/2025,CHRISTMAS,,,LP.0903.354,$691.02,09/11/2025,09/30/2025
BANNER'S HALLMARK SHOP 56,3069218678,09/03/2025,CHRISTMAS,,,CJ.903.KSQ3B,$78.00,09/11/2025,09/30/2025
BANNER'S HALLMARK SHOP 57,3069225994,09/03/2025,CHRISTMAS,SHIPPED,,LP.0903.354,"$1,500.12",09/12/2025,10/01/2025
BANNER'S HALLMARK SHOP 57,3069218958,09/03/2025,CHRISTMAS,SHIPPED,,CJ.903.KSQ3B,$397.00,09/12/2025,10/03/2025
BANNER'S HALLMARK SHOP 60,3069226544,09/03/2025,CHRISTMAS,SHIPPED,,LP.0903.354,"$1,318.34",09/11/2025,10/29/2025
BANNER'S HALLMARK SHOP 60,3069218720,09/03/2025,CHRISTMAS,SHIPPED,,CJ.903.KSQ3B,$397.00,09/11/2025,10/02/2025
BANNER'S HALLMARK SHOP 62,3069226638,09/03/2025,CHRISTMAS,SHIPPED,,LP.0903.354,"$1,231.00",09/12/2025,10/01/2025
BANNER'S HALLMARK SHOP 62,3069219380,09/03/2025,CHRISTMAS,SHIPPED,,CJ.903.KSQ3B,$547.00,09/12/2025,10/03/2025
BANNER'S HALLMARK SHOP 64,3069226557,09/03/2025,CHRISTMAS,SHIPPED,,LP.0903.354,"$2,083.68",09/12/2025,10/01/2025
BANNER'S HALLMARK SHOP 64,3069220248,09/03/2025,CHRISTMAS,SHIPPED,,CJ.903.KSQ3B,"$1,272.00",09/12/2025,10/03/2025
BANNER'S HALLMARK SHOP 64,3069211446,09/03/2025,EVERYDAY,SHIPPED,BIRTHDAY 2,LP.0902.0405,$0.00,09/12/2025,09/04/2025
BANNER'S HALLMARK SHOP 68,3069225359,09/03/2025,CHRISTMAS,SHIPPED,,LP.0903.354,"$1,427.34",09/12/2025,10/01/2025
BANNER'S HALLMARK SHOP 68,3069220166,09/03/2025,CHRISTMAS,SHIPPED,,CJ.903.KSQ3B,$397.00,09/12/2025,10/03/2025
BANNER'S HALLMARK SHOP 68,3069211470,09/03/2025,EVERYDAY,SHIPPED,BIRTHDAY 2,LP.0902.0405,$0.00,09/12/2025,09/04/2025
BANNER'S HALLMARK SHOP 824,3069226140,09/03/2025,CHRISTMAS,SHIPPED,,LP.0903.354,"$1,196.70",09/10/2025,10/01/2025
BANNER'S HALLMARK SHOP 824,3069220113,09/03/2025,CHRISTMAS,SHIPPED,,CJ.903.KSQ3B,$78.00,09/10/2025,10/02/2025
BANNER'S HALLMARK SHOP 9,3069226041,09/03/2025,CHRISTMAS,,,LP.0903.354,$989.06,09/11/2025,10/07/2025
BANNER'S HALLMARK SHOP 9,3069218590,09/03/2025,CHRISTMAS,,,CJ.903.KSQ3B,$78.00,09/11/2025,09/30/2025
BANNER'S HALLMARK SHOP 9,3069101180,09/03/2025,,OPEN,,,$3.30,09/02/2025,
BANNERS HALLMARK SHOP 1940,3069226157,09/03/2025,CHRISTMAS,SHIPPED,,LP.0903.354,$924.08,09/12/2025,10/01/2025
BANNERS HALLMARK SHOP 1940,3069220085,09/03/2025,CHRISTMAS,SHIPPED,,CJ.903.KSQ3B,$78.00,09/12/2025,10/02/2025
BANNERS HALLMARK SHOP 1940,3069103894,09/03/2025,,OPEN,,,$0.50,09/02/2025,
BANNERS HALLMARK SHOP 1941,3069226148,09/03/2025,CHRISTMAS,SHIPPED,,LP.0903.354,"$1,573.84",09/10/2025,10/08/2025
BANNERS HALLMARK SHOP 1941,3069220065,09/03/2025,CHRISTMAS,SHIPPED,,CJ.903.KSQ3B,$78.00,09/10/2025,10/02/2025
BANNERS HALLMARK SHOP 1941,3069103875,09/03/2025,,OPEN,,,$2.00,09/02/2025,
HALLMARK CREATIONS 44,3069226685,09/03/2025,CHRISTMAS,SHIPPED,,LP.0903.354,"$2,377.06",09/10/2025,10/27/2025
HALLMARK CREATIONS 44,3069218309,09/03/2025,CHRISTMAS,SHIPPED,,CJ.903.KSQ3B,$78.00,09/10/2025,10/02/2025
HALLMARK CREATIONS 44,3069210299,09/03/2025,EVERYDAY,SHIPPED,BIRTHDAY 2,LP.0902.0405,$0.00,09/10/2025,09/04/2025
HALLMARK CREATIONS 44,3069100274,09/03/2025,,OPEN,,,$5.60,09/02/2025,
HALLMARK CREATIONS 523,3069226312,09/03/2025,CHRISTMAS,SHIPPED,,LP.0903.354,"$2,521.72",09/10/2025,10/01/2025
HALLMARK CREATIONS 523,3069220152,09/03/2025,CHRISTMAS,SHIPPED,,CJ.903.KSQ3B,$110.00,09/10/2025,10/02/2025
BANNER'S  HALLMARK SHOP 61,3069289076,09/04/2025,VALENTINE,OPEN,,AAGC851997,$276.31,12/18/2025,
BANNER'S  HALLMARK SHOP 61,3069287356,09/04/2025,EVERYDAY,SHIPPED,6065825,GP Corrugate,$78.99,09/15/2025,09/29/2025
BANNER'S HALLMARK SHOP 1403,3069288998,09/04/2025,VALENTINE,SHIPPED,,AAGC851372,$92.31,12/18/2025,12/18/2025
BANNER'S HALLMARK SHOP 1403,3069286931,09/04/2025,EVERYDAY,SHIPPED,6065805,GP Corrugate,$78.99,09/15/2025,09/29/2025
BANNER'S HALLMARK SHOP 15,3069289238,09/04/2025,VALENTINE,OPEN,,AAGC853247,$227.01,12/18/2025,
BANNER'S HALLMARK SHOP 15,3069287291,09/04/2025,EVERYDAY,SHIPPED,6065821,GP Corrugate,$78.99,09/12/2025,09/29/2025
BANNER'S HALLMARK SHOP 15,3069275387,09/04/2025,EVERYDAY,OPEN,,145547,$0.00,09/12/2025,
BANNER'S HALLMARK SHOP 1620,3069289049,09/04/2025,VALENTINE,PROCESSING,,AAGC851802,$633.08,12/18/2025,
BANNER'S HALLMARK SHOP 1620,3069287263,09/04/2025,EVERYDAY,SHIPPED,6065818,GP Corrugate,$78.99,09/15/2025,09/29/2025
BANNER'S HALLMARK SHOP 1818,3069289148,09/04/2025,VALENTINE,PROCESSING,,AAGC852486,$283.93,12/18/2025,
BANNER'S HALLMARK SHOP 1818,3069287464,09/04/2025,EVERYDAY,SHIPPED,6065830,GP Corrugate,$78.99,09/12/2025,09/29/2025
BANNER'S HALLMARK SHOP 1822,3069289159,09/04/2025,VALENTINE,SHIPPED,,AAGC852576,$91.10,12/18/2025,12/18/2025
BANNER'S HALLMARK SHOP 1822,3069287489,09/04/2025,EVERYDAY,SHIPPED,6065832,GP Corrugate,$78.99,09/15/2025,09/29/2025
BANNER'S HALLMARK SHOP 1825,3069289153,09/04/2025,VALENTINE,SHIPPED,,AAGC852531,$86.32,12/18/2025,12/18/2025
BANNER'S HALLMARK SHOP 1825,3069287487,09/04/2025,EVERYDAY,SHIPPED,6065831,GP Corrugate,$78.99,09/15/2025,09/29/2025
BANNER'S HALLMARK SHOP 1828,3069289171,09/04/2025,VALENTINE,SHIPPED,,AAGC852708,$48.94,12/18/2025,12/18/2025
BANNER'S HALLMARK SHOP 1828,3069287500,09/04/2025,EVERYDAY,SHIPPED,6065834,GP Corrugate,$78.99,09/15/2025,09/29/2025
BANNER'S HALLMARK SHOP 1828,3069236245,09/04/2025,,OPEN,,,$1.50,09/03/2025,
BANNER'S HALLMARK SHOP 1938,3069289170,09/04/2025,VALENTINE,PROCESSING,,AAGC852680,$81.21,12/18/2025,
BANNER'S HALLMARK SHOP 1938,3069287497,09/04/2025,EVERYDAY,SHIPPED,6065833,GP Corrugate,$78.99,09/12/2025,09/29/2025
BANNER'S HALLMARK SHOP 1948,3069289135,09/04/2025,VALENTINE,OPEN,,AAGC852371,$53.54,12/18/2025,
BANNER'S HALLMARK SHOP 1948,3069287533,09/04/2025,EVERYDAY,SHIPPED,6065837,GP Corrugate,$78.99,09/12/2025,09/29/2025
BANNER'S HALLMARK SHOP 22,3069289210,09/04/2025,VALENTINE,OPEN,,AAGC853002,$318.59,12/18/2025,
BANNER'S HALLMARK SHOP 22,3069287340,09/04/2025,EVERYDAY,SHIPPED,6065826,GP Corrugate,$78.99,09/11/2025,09/29/2025
BANNER'S HALLMARK SHOP 29,3069289002,09/04/2025,VALENTINE,PROCESSING,,AAGC851400,$521.18,12/18/2025,
BANNER'S HALLMARK SHOP 29,3069286878,09/04/2025,EVERYDAY,SHIPPED,6065798,GP Corrugate,$78.99,09/12/2025,09/29/2025
BANNER'S HALLMARK SHOP 32,3069289065,09/04/2025,VALENTINE,PROCESSING,,AAGC851923,$664.43,12/18/2025,
BANNER'S HALLMARK SHOP 32,3069287040,09/04/2025,EVERYDAY,SHIPPED,6065812,GP Corrugate,$78.99,09/12/2025,09/29/2025
BANNER'S HALLMARK SHOP 33,3069289010,09/04/2025,VALENTINE,PROCESSING,,AAGC851461,$500.95,12/18/2025,
BANNER'S HALLMARK SHOP 33,3069286869,09/04/2025,EVERYDAY,SHIPPED,6065796,GP Corrugate,$78.99,09/12/2025,09/29/2025
BANNER'S HALLMARK SHOP 36,3069289096,09/04/2025,VALENTINE,PROCESSING,,AAGC852111,$336.12,12/18/2025,
BANNER'S HALLMARK SHOP 36,3069287058,09/04/2025,EVERYDAY,SHIPPED,6065813,GP Corrugate,$78.99,09/12/2025,09/29/2025
BANNER'S HALLMARK SHOP 38,3069289024,09/04/2025,VALENTINE,SHIPPED,,AAGC851567,$203.18,12/18/2025,12/18/2025
BANNER'S HALLMARK SHOP 38,3069286964,09/04/2025,EVERYDAY,SHIPPED,6065806,GP Corrugate,$78.99,09/15/2025,09/29/2025
BANNER'S HALLMARK SHOP 40,3069289145,09/04/2025,VALENTINE,OPEN,,AAGC852458,$278.74,12/18/2025,
BANNER'S HALLMARK SHOP 40,3069286887,09/04/2025,EVERYDAY,SHIPPED,6065802,GP Corrugate,$78.99,09/11/2025,09/29/2025
BANNER'S HALLMARK SHOP 45,3069289139,09/04/2025,VALENTINE,OPEN,,AAGC852400,$385.78,12/18/2025,
BANNER'S HALLMARK SHOP 45,3069287449,09/04/2025,EVERYDAY,SHIPPED,6065828,GP Corrugate,$78.99,09/11/2025,09/29/2025
BANNER'S HALLMARK SHOP 46,3069289234,09/04/2025,VALENTINE,OPEN,,AAGC853203,$576.81,12/18/2025,
BANNER'S HALLMARK SHOP 46,3069287199,09/04/2025,EVERYDAY,SHIPPED,6065815,GP Corrugate,$78.99,09/11/2025,09/29/2025
BANNER'S HALLMARK SHOP 47,3069289244,09/04/2025,VALENTINE,SHIPPED,,AAGC853292,$394.47,12/18/2025,12/18/2025
BANNER'S HALLMARK SHOP 47,3069287227,09/04/2025,EVERYDAY,SHIPPED,6065817,GP Corrugate,$78.99,09/15/2025,09/29/2025
BANNER'S HALLMARK SHOP 48,3069289035,09/04/2025,VALENTINE,PROCESSING,,AAGC851674,$620.39,12/18/2025,
BANNER'S HALLMARK SHOP 48,3069286988,09/04/2025,EVERYDAY,SHIPPED,6065807,GP Corrugate,$78.99,09/12/2025,09/29/2025
BANNER'S HALLMARK SHOP 49,3069289268,09/04/2025,VALENTINE,SHIPPED,,AAGC853490,$282.43,12/18/2025,12/18/2025
BANNER'S HALLMARK SHOP 49,3069287316,09/04/2025,EVERYDAY,SHIPPED,6065823,GP Corrugate,$78.99,09/15/2025,09/29/2025
BANNER'S HALLMARK SHOP 50,3069288992,09/04/2025,VALENTINE,SHIPPED,,AAGC851298,$427.37,12/18/2025,12/18/2025
BANNER'S HALLMARK SHOP 50,3069286910,09/04/2025,EVERYDAY,SHIPPED,6065804,GP Corrugate,$78.99,09/15/2025,09/29/2025
BANNER'S HALLMARK SHOP 51,3069289027,09/04/2025,VALENTINE,PROCESSING,,AAGC851596,$272.79,12/18/2025,
BANNER'S HALLMARK SHOP 51,3069287341,09/04/2025,EVERYDAY,SHIPPED,6065827,GP Corrugate,$78.99,09/15/2025,09/29/2025
BANNER'S HALLMARK SHOP 52,3069289038,09/04/2025,VALENTINE,SHIPPED,,AAGC851703,$288.41,12/18/2025,12/18/2025
BANNER'S HALLMARK SHOP 52,3069287003,09/04/2025,EVERYDAY,SHIPPED,6065809,GP Corrugate,$78.99,09/15/2025,09/29/2025
BANNER'S HALLMARK SHOP 52,3069235811,09/04/2025,,OPEN,,,$4.30,09/03/2025,
BANNER'S HALLMARK SHOP 53,3069289255,09/04/2025,VALENTINE,SHIPPED,,AAGC853369,$611.47,12/18/2025,12/18/2025
BANNER'S HALLMARK SHOP 53,3069287317,09/04/2025,EVERYDAY,SHIPPED,6065824,GP Corrugate,$78.99,09/15/2025,09/29/2025
BANNER'S HALLMARK SHOP 53,3069235788,09/04/2025,,OPEN,,,$2.80,09/03/2025,
BANNER'S HALLMARK SHOP 54,3069289045,09/04/2025,VALENTINE,SHIPPED,,AAGC851774,$158.45,12/18/2025,12/18/2025
BANNER'S HALLMARK SHOP 54,3069287014,09/04/2025,EVERYDAY,SHIPPED,6065810,GP Corrugate,$78.99,09/15/2025,09/29/2025
BANNER'S HALLMARK SHOP 56,3069288996,09/04/2025,VALENTINE,OPEN,,AAGC851343,$114.11,12/18/2025,
BANNER'S HALLMARK SHOP 56,3069286876,09/04/2025,EVERYDAY,SHIPPED,6065797,GP Corrugate,$78.99,09/12/2025,09/29/2025
BANNER'S HALLMARK SHOP 57,3069289141,09/04/2025,VALENTINE,SHIPPED,,AAGC852429,$183.78,12/18/2025,12/18/2025
BANNER'S HALLMARK SHOP 57,3069287451,09/04/2025,EVERYDAY,SHIPPED,6065829,GP Corrugate,$78.99,09/15/2025,09/29/2025
BANNER'S HALLMARK SHOP 60,3069289040,09/04/2025,VALENTINE,OPEN,,AAGC851731,$149.30,12/18/2025,
BANNER'S HALLMARK SHOP 60,3069286995,09/04/2025,EVERYDAY,SHIPPED,6065808,GP Corrugate,$78.99,09/12/2025,09/29/2025
BANNER'S HALLMARK SHOP 62,3069289052,09/04/2025,VALENTINE,SHIPPED,,AAGC851846,$77.93,12/18/2025,12/18/2025
BANNER'S HALLMARK SHOP 62,3069287031,09/04/2025,EVERYDAY,SHIPPED,6065811,GP Corrugate,$78.99,09/15/2025,09/29/2025
BANNER'S HALLMARK SHOP 64,3069289219,09/04/2025,VALENTINE,SHIPPED,,AAGC853074,"$1,207.38",12/18/2025,12/18/2025
BANNER'S HALLMARK SHOP 64,3069287284,09/04/2025,EVERYDAY,SHIPPED,6065820,GP Corrugate,$78.99,09/15/2025,09/29/2025
BANNER'S HALLMARK SHOP 68,3069289262,09/04/2025,VALENTINE,SHIPPED,,AAGC853427,$469.44,12/18/2025,12/18/2025
BANNER'S HALLMARK SHOP 68,3069287314,09/04/2025,EVERYDAY,SHIPPED,6065822,GP Corrugate,$78.99,09/15/2025,09/29/2025
BANNER'S HALLMARK SHOP 824,3069289217,09/04/2025,VALENTINE,OPEN,,AAGC853046,$385.86,12/18/2025,
BANNER'S HALLMARK SHOP 824,3069287182,09/04/2025,EVERYDAY,SHIPPED,6065816,GP Corrugate,$78.99,09/11/2025,09/29/2025
BANNER'S HALLMARK SHOP 9,3069288979,09/04/2025,VALENTINE,OPEN,,AAGC849624,$487.42,12/18/2025,
BANNER'S HALLMARK SHOP 9,3069286883,09/04/2025,EVERYDAY,SHIPPED,6065801,GP Corrugate,$78.99,09/12/2025,09/29/2025
BANNERS HALLMARK SHOP 1940,3069289173,09/04/2025,VALENTINE,SHIPPED,,AAGC852737,$81.82,12/18/2025,12/18/2025
BANNERS HALLMARK SHOP 1940,3069287508,09/04/2025,EVERYDAY,SHIPPED,6065836,GP Corrugate,$78.99,09/15/2025,09/29/2025
BANNERS HALLMARK SHOP 1940,3069236280,09/04/2025,,OPEN,,,$6.50,09/03/2025,
BANNERS HALLMARK SHOP 1941,3069289166,09/04/2025,VALENTINE,OPEN,,AAGC852636,$291.36,12/18/2025,
BANNERS HALLMARK SHOP 1941,3069287504,09/04/2025,EVERYDAY,SHIPPED,6065835,GP Corrugate,$78.99,09/11/2025,09/29/2025
BANNERS HALLMARK SHOP 1941,3069236265,09/04/2025,,OPEN,,,$3.30,09/03/2025,
HALLMARK CREATIONS 44,3069289073,09/04/2025,VALENTINE,OPEN,,AAGC851968,"$1,023.76",12/18/2025,
HALLMARK CREATIONS 44,3069287062,09/04/2025,EVERYDAY,SHIPPED,6065814,GP Corrugate,$78.99,09/11/2025,09/29/2025
HALLMARK CREATIONS 523,3069289261,09/04/2025,VALENTINE,OPEN,,AAGC853398,"$1,026.37",12/18/2025,
HALLMARK CREATIONS 523,3069287232,09/04/2025,EVERYDAY,SHIPPED,6065819,GP Corrugate,$78.99,09/11/2025,09/29/2025
BANNER'S  HALLMARK SHOP 61,3069356908,09/05/2025,CHRISTMAS,SHIPPED,TECHNO SP 5,LP.0904.430,"$2,100.00",09/16/2025,09/30/2025
BANNER'S  HALLMARK SHOP 61,3069298702,09/05/2025,,OPEN,,,$2.50,09/04/2025,
BANNER'S HALLMARK SHOP 1403,3069356312,09/05/2025,CHRISTMAS,SHIPPED,TECHNO SP 5,LP.0904.430,$630.00,09/16/2025,09/30/2025
BANNER'S HALLMARK SHOP 15,3069356831,09/05/2025,CHRISTMAS,SHIPPED,TECHNO SP 5,LP.0904.430,$630.00,09/15/2025,10/01/2025
BANNER'S HALLMARK SHOP 1620,3069356784,09/05/2025,CHRISTMAS,SHIPPED,TECHNO SP 5,LP.0904.430,"$1,260.00",09/16/2025,09/30/2025
BANNER'S HALLMARK SHOP 1818,3069356993,09/05/2025,CHRISTMAS,SHIPPED,TECHNO SP 5,LP.0904.430,$630.00,09/15/2025,09/30/2025
BANNER'S HALLMARK SHOP 1822,3069357007,09/05/2025,CHRISTMAS,SHIPPED,TECHNO SP 5,LP.0904.430,$840.00,09/16/2025,10/01/2025
BANNER'S HALLMARK SHOP 1825,3069357006,09/05/2025,CHRISTMAS,SHIPPED,TECHNO SP 5,LP.0904.430,$630.00,09/16/2025,10/01/2025
BANNER'S HALLMARK SHOP 1828,3069357020,09/05/2025,CHRISTMAS,SHIPPED,TECHNO SP 5,LP.0904.430,$630.00,09/16/2025,10/01/2025
BANNER'S HALLMARK SHOP 1938,3069357018,09/05/2025,CHRISTMAS,SHIPPED,TECHNO SP 5,LP.0904.430,$420.00,09/15/2025,10/01/2025
BANNER'S HALLMARK SHOP 1948,3069357038,09/05/2025,CHRISTMAS,SHIPPED,TECHNO SP 5,LP.0904.430,$420.00,09/15/2025,09/30/2025
BANNER'S HALLMARK SHOP 22,3069356887,09/05/2025,CHRISTMAS,SHIPPED,TECHNO SP 5,LP.0904.430,$420.00,09/12/2025,09/30/2025
BANNER'S HALLMARK SHOP 29,3069356242,09/05/2025,CHRISTMAS,,TECHNO SP 5,LP.0904.430,$630.00,09/15/2025,09/30/2025
BANNER'S HALLMARK SHOP 29,3069294038,09/05/2025,,OPEN,,,$6.30,09/04/2025,
BANNER'S HALLMARK SHOP 32,3069356452,09/05/2025,CHRISTMAS,SHIPPED,TECHNO SP 5,LP.0904.430,"$2,310.00",09/15/2025,10/01/2025
BANNER'S HALLMARK SHOP 32,3069295142,09/05/2025,,OPEN,,,$2.00,09/04/2025,
BANNER'S HALLMARK SHOP 33,3069356229,09/05/2025,CHRISTMAS,,TECHNO SP 5,LP.0904.430,"$1,470.00",09/15/2025,10/03/2025
BANNER'S HALLMARK SHOP 36,3069356471,09/05/2025,CHRISTMAS,SHIPPED,TECHNO SP 5,LP.0904.430,$420.00,09/15/2025,09/30/2025
BANNER'S HALLMARK SHOP 38,3069356353,09/05/2025,CHRISTMAS,SHIPPED,TECHNO SP 5,LP.0904.430,$630.00,09/16/2025,09/30/2025
BANNER'S HALLMARK SHOP 40,3069357720,09/05/2025,,OPEN,damaged defective,,$33.75,09/05/2025,
BANNER'S HALLMARK SHOP 40,3069356248,09/05/2025,CHRISTMAS,,TECHNO SP 5,LP.0904.430,$420.00,09/12/2025,09/30/2025
BANNER'S HALLMARK SHOP 45,3069356977,09/05/2025,CHRISTMAS,SHIPPED,TECHNO SP 5,LP.0904.430,$630.00,09/12/2025,09/30/2025
BANNER'S HALLMARK SHOP 46,3069356669,09/05/2025,CHRISTMAS,SHIPPED,TECHNO SP 5,LP.0904.430,"$1,260.00",09/12/2025,09/30/2025
BANNER'S HALLMARK SHOP 47,3069356717,09/05/2025,CHRISTMAS,SHIPPED,TECHNO SP 5,LP.0904.430,"$1,470.00",09/16/2025,09/30/2025
BANNER'S HALLMARK SHOP 47,3069298377,09/05/2025,,OPEN,,,$4.05,09/04/2025,
BANNER'S HALLMARK SHOP 48,3069356389,09/05/2025,CHRISTMAS,SHIPPED,TECHNO SP 5,LP.0904.430,"$1,680.00",09/15/2025,09/30/2025
BANNER'S HALLMARK SHOP 48,3069298396,09/05/2025,,OPEN,,,$3.00,09/04/2025,
BANNER'S HALLMARK SHOP 49,3069356864,09/05/2025,CHRISTMAS,SHIPPED,TECHNO SP 5,LP.0904.430,"$2,520.00",09/16/2025,09/30/2025
BANNER'S HALLMARK SHOP 50,3069356285,09/05/2025,CHRISTMAS,SHIPPED,TECHNO SP 5,LP.0904.430,"$1,260.00",09/16/2025,10/01/2025
BANNER'S HALLMARK SHOP 51,3069356888,09/05/2025,CHRISTMAS,SHIPPED,TECHNO SP 5,LP.0904.430,$840.00,09/16/2025,09/30/2025
BANNER'S HALLMARK SHOP 51,3069298387,09/05/2025,,OPEN,,,$2.00,09/04/2025,
BANNER'S HALLMARK SHOP 52,3069356407,09/05/2025,CHRISTMAS,SHIPPED,TECHNO SP 5,LP.0904.430,$630.00,09/16/2025,09/30/2025
BANNER'S HALLMARK SHOP 53,3069356865,09/05/2025,CHRISTMAS,SHIPPED,TECHNO SP 5,LP.0904.430,"$1,890.00",09/16/2025,09/30/2025
BANNER'S HALLMARK SHOP 54,3069356419,09/05/2025,CHRISTMAS,SHIPPED,TECHNO SP 5,LP.0904.430,$840.00,09/16/2025,09/30/2025
BANNER'S HALLMARK SHOP 56,3069356241,09/05/2025,CHRISTMAS,,TECHNO SP 5,LP.0904.430,$630.00,09/15/2025,10/03/2025
BANNER'S HALLMARK SHOP 57,3069356981,09/05/2025,CHRISTMAS,SHIPPED,TECHNO SP 5,LP.0904.430,"$1,680.00",09/16/2025,09/30/2025
BANNER'S HALLMARK SHOP 60,3069356401,09/05/2025,CHRISTMAS,SHIPPED,TECHNO SP 5,LP.0904.430,"$1,890.00",09/15/2025,09/30/2025
BANNER'S HALLMARK SHOP 62,3069356443,09/05/2025,CHRISTMAS,SHIPPED,TECHNO SP 5,LP.0904.430,"$1,680.00",09/16/2025,09/30/2025
BANNER'S HALLMARK SHOP 64,3069356814,09/05/2025,CHRISTMAS,SHIPPED,TECHNO SP 5,LP.0904.430,"$1,890.00",09/16/2025,10/10/2025
BANNER'S HALLMARK SHOP 64,3069298682,09/05/2025,,OPEN,,,$3.75,09/04/2025,
BANNER'S HALLMARK SHOP 68,3069356863,09/05/2025,CHRISTMAS,SHIPPED,TECHNO SP 5,LP.0904.430,"$1,470.00",09/16/2025,09/30/2025
BANNER'S HALLMARK SHOP 68,3069298691,09/05/2025,,OPEN,,,$4.30,09/04/2025,
BANNER'S HALLMARK SHOP 824,3069356658,09/05/2025,CHRISTMAS,SHIPPED,TECHNO SP 5,LP.0904.430,$420.00,09/12/2025,09/30/2025
BANNER'S HALLMARK SHOP 9,3069356246,09/05/2025,CHRISTMAS,,TECHNO SP 5,LP.0904.430,$630.00,09/15/2025,09/30/2025
BANNERS HALLMARK SHOP 1940,3069357024,09/05/2025,CHRISTMAS,SHIPPED,TECHNO SP 5,LP.0904.430,$630.00,09/16/2025,09/30/2025
BANNERS HALLMARK SHOP 1940,3069298710,09/05/2025,,OPEN,,,$1.50,09/04/2025,
BANNERS HALLMARK SHOP 1941,3069357022,09/05/2025,CHRISTMAS,,TECHNO SP 5,LP.0904.430,$630.00,09/12/2025,09/30/2025
HALLMARK CREATIONS 44,3069356475,09/05/2025,CHRISTMAS,SHIPPED,TECHNO SP 5,LP.0904.430,$630.00,09/12/2025,09/30/2025
HALLMARK CREATIONS 523,3069356721,09/05/2025,CHRISTMAS,SHIPPED,TECHNO SP 5,LP.0904.430,"$1,050.00",09/12/2025,09/30/2025
BANNER'S HALLMARK SHOP 22,3069361261,09/06/2025,,OPEN,,,$1.50,09/05/2025,
BANNER'S HALLMARK SHOP 29,3069361772,09/06/2025,,OPEN,,,$1.30,09/05/2025,
BANNER'S HALLMARK SHOP 32,3069362795,09/06/2025,,OPEN,,,$2.25,09/05/2025,
BANNER'S HALLMARK SHOP 52,3069366143,09/06/2025,,OPEN,,,$3.00,09/05/2025,
BANNER'S HALLMARK SHOP 57,3069366188,09/06/2025,,OPEN,,,$2.50,09/05/2025,
BANNER'S HALLMARK SHOP 68,3069366482,09/06/2025,,OPEN,,,$3.00,09/05/2025,
BANNER'S HALLMARK SHOP 9,3069363194,09/06/2025,,OPEN,,,$4.50,09/05/2025,
BANNERS HALLMARK SHOP 1941,3069366496,09/06/2025,,OPEN,,,$1.50,09/05/2025,
BANNER'S HALLMARK SHOP 1948,3069422538,09/07/2025,,OPEN,,,$1.80,09/08/2025,
BANNER'S HALLMARK SHOP 51,3069422251,09/07/2025,,OPEN,,,$2.50,09/08/2025,
BANNER'S HALLMARK SHOP 52,3069422261,09/07/2025,,OPEN,,,$2.30,09/08/2025,
BANNER'S HALLMARK SHOP 824,3069419147,09/07/2025,,OPEN,,,$5.80,09/08/2025,
